"identifiant","Prénom","Nom","Région","Département","Numéro de circonscription","Profession","Groupe politique (complet)","Groupe politique (abrégé)"
"795998","Émeline","K/Bidi","Réunion","Réunion","4","Avocate","Gauche Démocrate et Républicaine","GDR"
"796106","Édouard","Bénard","Normandie","Seine-Maritime","3","Collaborateur d'élu","Gauche Démocrate et Républicaine","GDR"
"719412","Sandrine","Le Feur","Bretagne","Finistère","4","Agriculteur-propriétaire exploitant","Ensemble pour la République","EPR"
"841553","Thierry","Tesson","Hauts-de-France","Nord","17","(74) - Ancien cadre","Rassemblement National","RN"
"794946","Antoine","Villedieu","Bourgogne-Franche-Comté","Haute-Saône","1","Policier","Rassemblement National","RN"
"794234","François","Gernigon","Pays de la Loire","Maine-et-Loire","1","Ancien cadre","Horizons & Indépendants","HOR"
"842147","Christophe","Mongardien","Ile-de-France","Hauts-de-Seine","13","Ingénieur - Responsable Support Technique Grands Comptes","Ensemble pour la République","EPR"
"610002","Eva","Sas","Ile-de-France","Paris","8","Cadre supérieur du secteur privé","Écologiste et Social","EcoS"
"796118","Bénédicte","Auzanot","Provence-Alpes-Côte d'Azur","Vaucluse","2","(85) - Personne diverse sans activité professionnelle de moins de 60 ans (sauf r","Rassemblement National","RN"
"841713","Boris","Tavernier","Auvergne-Rhône-Alpes","Rhône","2","(37) - Cadre administratif et commercial d'entreprise","Écologiste et Social","EcoS"
"840903","Paul","Christophle","Auvergne-Rhône-Alpes","Drôme","1","(37) - Cadre administratif et commercial d'entreprise","Socialistes et apparentés","SOC"
"722336","Vincent","Thiébaut","Grand Est","Bas-Rhin","9","Autre cadre (secteur privé)","Horizons & Indépendants","HOR"
"842271","Emmanuel","Maurel","Ile-de-France","Val-d'Oise","3","(34) - Professeur, profession scientifique","Gauche Démocrate et Républicaine","GDR"
"840075","Eddy","Casterman","Hauts-de-France","Aisne","3","(37) - Cadre administratif et commercial d'entreprise","Rassemblement National","RN"
"841075","Sylvie","Josserand","Occitanie","Gard","6","(31) - Profession libérale","Rassemblement National","RN"
"841605","Antoine","Golliot","Hauts-de-France","Pas-de-Calais","5","(47) - Technicien","Rassemblement National","RN"
"677483","Stéphane","Mazars","Occitanie","Aveyron","1","Avocat","Ensemble pour la République","EPR"
"842187","Gabrielle","Cathala","Ile-de-France","Val-d'Oise","6","Secrétaire générale de groupe parlementaire","La France insoumise - Nouveau Front Populaire","LFI-NFP"
"721410","Émilie","Bonnivard","Auvergne-Rhône-Alpes","Savoie","3","Cadre à la Caisse des Dépôts et Consignations","Droite Républicaine","DR"
"330909","Vincent","Descoeur","Auvergne-Rhône-Alpes","Cantal","1","Professeur agrégé de biologie","Droite Républicaine","DR"
"796062","Thomas","Portes","Ile-de-France","Seine-Saint-Denis","3","Cheminot","La France insoumise - Nouveau Front Populaire","LFI-NFP"
"841351","Emmanuel","Duplessy","Centre-Val de Loire","Loiret","2","(33) - Cadre de la fonction publique","Écologiste et Social","EcoS"
"793520","Mickaël","Cosson","Bretagne","Côtes-d'Armor","1","Chargé d'opérations urbanisme","Les Démocrates","Dem"
"607553","Dominique","Potier","Grand Est","Meurthe-et-Moselle","5","Agriculteur","Socialistes et apparentés","SOC"
"793094","Nicolas","Ray","Auvergne-Rhône-Alpes","Allier","3","Inspecteur principal des Finances publiques","Droite Républicaine","DR"
"840135","Alexandre","Dufosset","Hauts-de-France","Nord","18","(54) - Employé administratif d'entreprise","Rassemblement National","RN"
"794786","Emmanuel","Fernandes","Grand Est","Bas-Rhin","2","Profession intermédiaire administrative et commerciale des entreprises","La France insoumise - Nouveau Front Populaire","LFI-NFP"
"1654","François","Hollande","Nouvelle-Aquitaine","Corrèze","1","Conseiller référendaire à la Cour des comptes","Socialistes et apparentés","SOC"
"793928","Edwige","Diaz","Nouvelle-Aquitaine","Gironde","11","Cadre administratif et commercial d'entreprise","Rassemblement National","RN"
"719632","Sophie","Panonacle","Nouvelle-Aquitaine","Gironde","8","Sans profession déclarée","Ensemble pour la République","EPR"
"840809","Gérault","Verny","Provence-Alpes-Côte d'Azur","Bouches-du-Rhône","14","(23) - Chef d'entreprise de 10 salariés ou plus","UDR","UDR"
"796010","Frédéric","Maillot","Réunion","Réunion","6","Intervenant social","Gauche Démocrate et Républicaine","GDR"
"841563","Claire","Marais-Beuil","Hauts-de-France","Oise","1","Profession libérale","Rassemblement National","RN"
"266793","Jean-Yves","Bony","Auvergne-Rhône-Alpes","Cantal","2","Exploitant agricole","Droite Républicaine","DR"
"841013","Isabelle","Mesnard","Centre-Val de Loire","Eure-et-Loir","1","Sans profession déclarée","Horizons & Indépendants","HOR"
"794278","Xavier","Albertini","Grand Est","Marne","1","Profession libérale","Horizons & Indépendants","HOR"
"841801","Danièle","Carteron","Auvergne-Rhône-Alpes","Haute-Savoie","2","Cheffe d'entreprise","Ensemble pour la République","EPR"
"267200","Sébastien","Huyghe","Hauts-de-France","Nord","5","Notaire","Ensemble pour la République","EPR"
"330008","Xavier","Breton","Auvergne-Rhône-Alpes","Ain","1","Cadre territorial","Droite Républicaine","DR"
"842117","Vincent","Jeanbrun","Ile-de-France","Val-de-Marne","7","(33) - Cadre de la fonction publique","Droite Républicaine","DR"
"607090","Jean-Pierre","Vigier","Auvergne-Rhône-Alpes","Haute-Loire","2","Fonctionnaire de catégorie A","Droite Républicaine","DR"
"721336","Blandine","Brocard","Auvergne-Rhône-Alpes","Rhône","5","Employée (secteur privé)","Les Démocrates","Dem"
"794598","Laurent","Jacobelli","Grand Est","Moselle","8","Profession de l'information, des arts et des spectacles","Rassemblement National","RN"
"795422","Damien","Maudet","Nouvelle-Aquitaine","Haute-Vienne","1","Cadre administratif et commercial d'entreprise","La France insoumise - Nouveau Front Populaire","LFI-NFP"
"719922","Lionel","Causse","Nouvelle-Aquitaine","Landes","2","Autre cadre (secteur privé)","Ensemble pour la République","EPR"
"721110","Nicole","Sanquer","Polynésie française","Polynésie Française","2","Professeur du secondaire et technique","Libertés, Indépendants, Outre-mer et Territoires","LIOT"
"793166","Jocelyn","Dessigny","Hauts-de-France","Aisne","5","Cadre administratif et commercial d'entreprise","Rassemblement National","RN"
"795908","Yannick","Chenevard","Provence-Alpes-Côte d'Azur","Var","1","Profession libérale","Ensemble pour la République","EPR"
"841621","Auguste","Evrard","Hauts-de-France","Pas-de-Calais","8","Collaborateur de cabinet en mairie","Rassemblement National","RN"
"793270","Jean-François","Rousset","Occitanie","Aveyron","3","Chirurgien","Ensemble pour la République","EPR"
"720992","Jiovanny","William","Martinique","Martinique","1","Profession libérale","Socialistes et apparentés","SOC"
"606793","Laurent","Baumel","Centre-Val de Loire","Indre-et-Loire","4","Cadre supérieur du secteur public","Socialistes et apparentés","SOC"
"842155","Aly","Diouara","Ile-de-France","Seine-Saint-Denis","5","(33) - Cadre de la fonction publique","La France insoumise - Nouveau Front Populaire","LFI-NFP"
"794322","Thomas","Ménagé","Centre-Val de Loire","Loiret","4","Cadre administratif et commercial d'entreprise","Rassemblement National","RN"
"795950","David","Amiel","Ile-de-France","Paris","13","Economiste","Ensemble pour la République","EPR"
"841495","Maxime","Amblard","Grand Est","Meuse","1","(38) - Ingénieur et cadre technique d'entreprise","Rassemblement National","RN"
"840657","Sophie","Ricourt Vaginay","Provence-Alpes-Côte d'Azur","Alpes-de-Haute-Provence","2","(37) - Cadre administratif et commercial d'entreprise","UDR","UDR"
"795430","Stéphane","Delautrette","Nouvelle-Aquitaine","Haute-Vienne","2","Ingénieur dans le domaine de l'environnement","Socialistes et apparentés","SOC"
"722252","Marie-Pierre","Rixain","Ile-de-France","Essonne","4","Consultante en communication","Ensemble pour la République","EPR"
"606507","Florent","Boudié","Nouvelle-Aquitaine","Gironde","10","Cadre supérieur du secteur public","Ensemble pour la République","EPR"
"793382","Emmanuel","Taché de la Pagerie","Provence-Alpes-Côte d'Azur","Bouches-du-Rhône","16","Cadre de la fonction publique","Rassemblement National","RN"
"2960","Éric","Woerth","Hauts-de-France","Oise","4","Associé dans un cabinet d'audit international","Ensemble pour la République","EPR"
"840713","Sophie","Delorme Duret","Auvergne-Rhône-Alpes","Ain","3","Pharmacien Titulaire","Ensemble pour la République","EPR"
"841207","Charles","Alloncle","Occitanie","Hérault","9","(37) - Cadre administratif et commercial d'entreprise","UDR","UDR"
"795124","Didier","Padey","Auvergne-Rhône-Alpes","Savoie","1","cadre commercial","Les Démocrates","Dem"
"841395","Maxime","Michelet","Grand Est","Marne","3","Historien","UDR","UDR"
"793940","Thomas","Cazenave","Nouvelle-Aquitaine","Gironde","1","Cadre de la fonction publique","Ensemble pour la République","EPR"
"842125","Thomas","Lam","Ile-de-France","Hauts-de-Seine","2","(23) - Chef d'entreprise de 10 salariés ou plus","Horizons & Indépendants","HOR"
"720560","Perrine","Goulet","Bourgogne-Franche-Comté","Nièvre","1","Autre cadre (secteur privé)","Les Démocrates","Dem"
"721270","Stéphane","Peu","Ile-de-France","Seine-Saint-Denis","2","Employé","Gauche Démocrate et Républicaine","GDR"
"719938","Marc","Fesneau","Centre-Val de Loire","Loir-et-Cher","1","Ministre","Les Démocrates","Dem"
"719578","Loïc","Prud'homme","Nouvelle-Aquitaine","Gironde","3","Fonctionnaire de catégorie B","La France insoumise - Nouveau Front Populaire","LFI-NFP"
"841981","Catherine","Rimbert","Provence-Alpes-Côte d'Azur","Vaucluse","5","(31) - Profession libérale","Rassemblement National","RN"
"841215","Marie","Mesmeur","Bretagne","Ille-et-Vilaine","1","Educatrice spécialisée","La France insoumise - Nouveau Front Populaire","LFI-NFP"
"722134","Jean-Marie","Fiévet","Nouvelle-Aquitaine","Deux-Sèvres","3","Fonctionnaire de catégorie B","Ensemble pour la République","EPR"
"795156","Fatiha","Keloua Hachi","Ile-de-France","Seine-Saint-Denis","8","Professeur, profession scientifique","Socialistes et apparentés","SOC"
"796018","Danielle","Simonnet","Ile-de-France","Paris","15","Professeur, profession scientifique","Écologiste et Social","EcoS"
"266797","Philippe","Gosselin","Normandie","Manche","1","Maître de conférences à Sciences Po","Droite Républicaine","DR"
"774958","Gérard","Leseul","Normandie","Seine-Maritime","5","Cadre d'entreprise / enseignant universitaire","Socialistes et apparentés","SOC"
"793816","Mélanie","Thomin","Bretagne","Finistère","6","Professeur, profession scientifique","Socialistes et apparentés","SOC"
"721896","Elsa","Faucillon","Ile-de-France","Hauts-de-Seine","1","Employée du secteur privé","Gauche Démocrate et Républicaine","GDR"
"1567","Jérôme","Guedj","Ile-de-France","Essonne","6","Inspecteur général des affaires sociales","Socialistes et apparentés","SOC"
"643175","Stella","Dupont","Pays de la Loire","Maine-et-Loire","2","Comptable","Non inscrit","NI"
"722390","Josiane","Corneloup","Bourgogne-Franche-Comté","Saône-et-Loire","2","Pharmacien","Droite Républicaine","DR"
"722142","François","Ruffin","Hauts-de-France","Somme","1","Reporter","Écologiste et Social","EcoS"
"795084","Rodrigo","Arenas","Ile-de-France","Paris","10","Cadre de la fonction publique","La France insoumise - Nouveau Front Populaire","LFI-NFP"
"805166","Anne","Bergantz","Ile-de-France","Yvelines","2","responsable de service social","Les Démocrates","Dem"
"793664","Marie","Pochon","Auvergne-Rhône-Alpes","Drôme","3","Responsable associative","Écologiste et Social","EcoS"
"795046","Caroline","Yadan","Français établis hors de France","Français établis hors de France","8","Avocat","Ensemble pour la République","EPR"
"721852","Marie","Lebec","Ile-de-France","Yvelines","4","Consultante en affaires publiques","Ensemble pour la République","EPR"
"606573","Fanny","Dombre Coste","Occitanie","Hérault","3","Artisan Photographe","Socialistes et apparentés","SOC"
"794830","Hubert","Ott","Grand Est","Haut-Rhin","2","Professeur, profession scientifique","Les Démocrates","Dem"
"793744","Anne","Stambach-Terrenoir","Occitanie","Haute-Garonne","2","Professeure de piano","La France insoumise - Nouveau Front Populaire","LFI-NFP"
"795164","Aurélie","Trouvé","Ile-de-France","Seine-Saint-Denis","9","Cadre de la fonction publique","La France insoumise - Nouveau Front Populaire","LFI-NFP"
"721426","Véronique","Riotton","Auvergne-Rhône-Alpes","Haute-Savoie","1","Consultante-Coach en Ressources Humaines","Ensemble pour la République","EPR"
"331973","Pascale","Got","Nouvelle-Aquitaine","Gironde","5","Journaliste","Socialistes et apparentés","SOC"
"840979","Corentin","Le Fur","Bretagne","Côtes-d'Armor","3","(37) - Cadre administratif et commercial d'entreprise","Droite Républicaine","DR"
"840143","Guillaume","Florquin","Hauts-de-France","Nord","20","(33) - Cadre de la fonction publique","Rassemblement National","RN"
"342384","Élisa","Martin","Auvergne-Rhône-Alpes","Isère","3","Professeur, profession scientifique","La France insoumise - Nouveau Front Populaire","LFI-NFP"
"794702","Delphine","Lingemann","Auvergne-Rhône-Alpes","Puy-de-Dôme","4","Chef d'entreprise - Enseignante associée université","Les Démocrates","Dem"
"840857","Nadine","Lechon","Nouvelle-Aquitaine","Dordogne","1","(12) - Agriculteur sur moyenne exploitation","Rassemblement National","RN"
"795244","Stéphane","Lenormand","Saint-Pierre-et-Miquelon","Saint-Pierre-et-Miquelon","1","Ancien cadre","Libertés, Indépendants, Outre-mer et Territoires","LIOT"
"267780","Agnès","Firmin Le Bodo","Normandie","Seine-Maritime","7","Pharmacien","Horizons & Indépendants","HOR"
"719558","Erwan","Balanant","Bretagne","Finistère","8","Photographe et réalisateur","Les Démocrates","Dem"
"796050","Philippe","Schreck","Provence-Alpes-Côte d'Azur","Var","8","Profession libérale","Rassemblement National","RN"
"841769","Éric","Michoux","Bourgogne-Franche-Comté","Saône-et-Loire","4","(23) - Chef d'entreprise de 10 salariés ou plus","UDR","UDR"
"794554","Salvatore","Castiglione","Hauts-de-France","Nord","21","Directeur adjoint d'une structure associative","Libertés, Indépendants, Outre-mer et Territoires","LIOT"
"791824","Sarah","Legrain","Ile-de-France","Paris","16","Professeure de français","La France insoumise - Nouveau Front Populaire","LFI-NFP"
"841709","Emmanuelle","Hoffman","Ile-de-France","Paris","4","Avocat","Ensemble pour la République","EPR"
"794138","Ségolène","Amiot","Pays de la Loire","Loire-Atlantique","3","Employé administratif d'entreprise","La France insoumise - Nouveau Front Populaire","LFI-NFP"
"841729","Abdelkader","Lahmar","Auvergne-Rhône-Alpes","Rhône","7","(34) - Professeur, profession scientifique","La France insoumise - Nouveau Front Populaire","LFI-NFP"
"793672","Christine","Loir","Normandie","Eure","1","Profession intermédiaire de la santé et du travail social","Rassemblement National","RN"
"721004","Amélia","Lakrafi","Français établis hors de France","Français établis hors de France","10","Chef d'entreprise","Ensemble pour la République","EPR"
"794590","Alexandre","Loubet","Grand Est","Moselle","7","Cadre d'entreprise","Rassemblement National","RN"
"721916","Natalia","Pouzyreff","Ile-de-France","Yvelines","6","Ingénieure","Ensemble pour la République","EPR"
"721314","Raphaël","Schellenberger","Grand Est","Haut-Rhin","4","(33) - Cadre de la fonction publique","Non inscrit","NI"
"795176","Nicolas","Metzdorf","Nouvelle-Calédonie","Nouvelle-Calédonie","1","Ingénieur et cadre technique d'entreprise","Ensemble pour la République","EPR"
"793218","Jordan","Guitton","Grand Est","Aube","1","Assistant Parlementaire","Rassemblement National","RN"
"608264","Colette","Capdevielle","Nouvelle-Aquitaine","Pyrénées-Atlantiques","5","Avocate","Socialistes et apparentés","SOC"
"840765","Laurent","Lhardit","Provence-Alpes-Côte d'Azur","Bouches-du-Rhône","2","Chef d'entreprise","Socialistes et apparentés","SOC"
"588884","Clémentine","Autain","Ile-de-France","Seine-Saint-Denis","11","Journaliste et autre média","Écologiste et Social","EcoS"
"842211","Béatrice","Bellay","Martinique","Martinique","3","(33) - Cadre de la fonction publique","Socialistes et apparentés","SOC"
"721442","Christelle","Petex","Auvergne-Rhône-Alpes","Haute-Savoie","3","Cadre administratif et commercial d'entreprise","Droite Républicaine","DR"
"794478","David","Guiraud","Hauts-de-France","Nord","8","Cadre administratif d'entreprise","La France insoumise - Nouveau Front Populaire","LFI-NFP"
"720092","Richard","Ramos","Centre-Val de Loire","Loiret","6","Autre cadre (secteur privé)","Les Démocrates","Dem"
"642695","Éric","Bothorel","Bretagne","Côtes-d'Armor","5","Cadre supérieur (secteur privé)","Ensemble pour la République","EPR"
"840673","Valérie","Rossi","Provence-Alpes-Côte d'Azur","Hautes-Alpes","2","(37) - Cadre administratif et commercial d'entreprise","Socialistes et apparentés","SOC"
"720668","Emmanuel","Blairy","Hauts-de-France","Pas-de-Calais","1","Fonctionnaire territorial","Rassemblement National","RN"
"721474","Stéphane","Viry","Grand Est","Vosges","1","Avocat","Libertés, Indépendants, Outre-mer et Territoires","LIOT"
"720720","Josy","Poueyto","Nouvelle-Aquitaine","Pyrénées-Atlantiques","1","Retraitée de la fonction publique (hors enseignement)","Les Démocrates","Dem"
"840869","Florence","Joubert","Nouvelle-Aquitaine","Dordogne","3","(33) - Cadre de la fonction publique","Rassemblement National","RN"
"793394","Arthur","Delaporte","Normandie","Calvados","2","Professeur, profession scientifique","Socialistes et apparentés","SOC"
"720952","Aurélien","Taché","Ile-de-France","Val-d'Oise","10","Fonctionnaire de catégorie A","La France insoumise - Nouveau Front Populaire","LFI-NFP"
"794734","Michel","Guiniot","Hauts-de-France","Oise","6","Ancien cadre","Rassemblement National","RN"
"2952","Jean-Luc","Warsmann","Grand Est","Ardennes","3","Directeur de mutuelle","Libertés, Indépendants, Outre-mer et Territoires","LIOT"
"795888","Marie-Ange","Rousselot","Français établis hors de France","Français établis hors de France","6","Cheffe d'entreprise","Ensemble pour la République","EPR"
"942","Charles","de Courson","Grand Est","Marne","5","Conseiller référendaire honoraire à la Cour des comptes","Libertés, Indépendants, Outre-mer et Territoires","LIOT"
"842323","Remi","Provendier","Français établis hors de France","Français établis hors de France","11","Ingénieur","Ensemble pour la République","EPR"
"840721","Marc","Chavent","Auvergne-Rhône-Alpes","Ain","5","(33) - Cadre de la fonction publique","UDR","UDR"
"610968","Pouria","Amirshahi","Ile-de-France","Paris","5","Cadre territorial de catégorie A","Écologiste et Social","EcoS"
"721750","Céline","Calvez","Ile-de-France","Hauts-de-Seine","5","Consultante communication","Ensemble pour la République","EPR"
"841327","Fabrice","Roussel","Pays de la Loire","Loire-Atlantique","5","(34) - Professeur, profession scientifique","Socialistes et apparentés","SOC"
"793616","Kévin","Mauvieux","Normandie","Eure","3","Conseiller en assurance","Rassemblement National","RN"
"333285","Guillaume","Garot","Pays de la Loire","Mayenne","1","Cadre administratif","Socialistes et apparentés","SOC"
"722284","Bruno","Fuchs","Grand Est","Haut-Rhin","6","Chef d'entreprise","Les Démocrates","Dem"
"794466","Jean","Moulliere","Hauts-de-France","Nord","6","Collaborateur d'élu","Horizons & Indépendants","HOR"
"794206","Christophe","Marion","Centre-Val de Loire","Loir-et-Cher","3","Délégué général du Comité des travaux historiques et scientifiques","Ensemble pour la République","EPR"
"795258","Frantz","Gumbs","Saint-Barthélemy et Saint-Martin","Saint-Barthélemy et Saint-Martin","1","Personnel de direction de l'éducation nationale retraité","Les Démocrates","Dem"
"793464","Sébastien","Delogu","Provence-Alpes-Côte d'Azur","Bouches-du-Rhône","7","Sans profession","La France insoumise - Nouveau Front Populaire","LFI-NFP"
"795278","Béatrice","Bellamy","Pays de la Loire","Vendée","2","Cadre administratif et commercial d'entreprise","Horizons & Indépendants","HOR"
"342196","Claudia","Rouaux","Bretagne","Ille-et-Vilaine","3","Gestionnaire à l'INRAE","Socialistes et apparentés","SOC"
"794870","Sylvie","Ferrer","Occitanie","Hautes-Pyrénées","1","(85) - Personne diverse sans activité professionnelle de moins de 60 ans (sauf r","La France insoumise - Nouveau Front Populaire","LFI-NFP"
"793452","Hendrik","Davi","Provence-Alpes-Côte d'Azur","Bouches-du-Rhône","5","Professeur, profession scientifique","Écologiste et Social","EcoS"
"795868","Jean-Victor","Castor","Guyane","Guyane","1","Cadre technique d'entreprise","Gauche Démocrate et Républicaine","GDR"
"607846","Gérald","Darmanin","Hauts-de-France","Nord","10","Cadre supérieur du secteur privé","Ensemble pour la République","EPR"
"687214","Sylvain","Berrios","Ile-de-France","Val-de-Marne","1","(33) - Cadre de la fonction publique","Horizons & Indépendants","HOR"
"841367","Christophe","Proença","Occitanie","Lot","2","(34) - Professeur, profession scientifique","Socialistes et apparentés","SOC"
"607395","Stéphane","Travert","Normandie","Manche","3","Cadre secteur privé","Ensemble pour la République","EPR"
"793342","Alexandra","Martin","Provence-Alpes-Côte d'Azur","Alpes-Maritimes","8","Employé civil et agent de service de la fonction publique","Droite Républicaine","DR"
"721486","Christophe","Naegelen","Grand Est","Vosges","3","Industriel-Chef d'entreprise","Libertés, Indépendants, Outre-mer et Territoires","LIOT"
"1592","David","Habib","Nouvelle-Aquitaine","Pyrénées-Atlantiques","3","Cadre","Libertés, Indépendants, Outre-mer et Territoires","LIOT"
"841419","Damien","Girard","Bretagne","Morbihan","5","(38) - Ingénieur et cadre technique d'entreprise","Écologiste et Social","EcoS"
"842037","Bérenger","Cernon","Ile-de-France","Essonne","8","(65) - Ouvrier qualifié de la manutention, du magasinage et du transport","La France insoumise - Nouveau Front Populaire","LFI-NFP"
"720138","Laetitia","Saint-Paul","Pays de la Loire","Maine-et-Loire","4","Officier de l'armée de Terre","Horizons & Indépendants","HOR"
"840829","Fabrice","Barusseau","Nouvelle-Aquitaine","Charente-Maritime","3","(34) - Professeur, profession scientifique","Socialistes et apparentés","SOC"
"643143","Christian","Baptiste","Guadeloupe","Guadeloupe","2","Directeur d'association","Socialistes et apparentés","SOC"
"841955","Matthias","Renault","Hauts-de-France","Somme","3","(37) - Cadre administratif et commercial d'entreprise","Rassemblement National","RN"
"643192","Chantal","Jourdan","Normandie","Orne","1","Psychologue","Socialistes et apparentés","SOC"
"718884","Valérie","Bazin-Malgras","Grand Est","Aube","2","Commerçante","Droite Républicaine","DR"
"719918","Fabien","Lainé","Nouvelle-Aquitaine","Landes","1","Collaborateur parlementaire","Les Démocrates","Dem"
"794426","Anne","Le Hénanff","Bretagne","Morbihan","1","Consultante indépendante","Horizons & Indépendants","HOR"
"793892","Stéphanie","Galzy","Occitanie","Hérault","5","Employé administratif d'entreprise","Rassemblement National","RN"
"793174","Yannick","Monnet","Auvergne-Rhône-Alpes","Allier","1","Cadre de la fonction publique","Gauche Démocrate et Républicaine","GDR"
"795920","Prisca","Thevenot","Ile-de-France","Hauts-de-Seine","8","Collaboratrice parlementaire","Ensemble pour la République","EPR"
"720038","Sandrine","Josso","Pays de la Loire","Loire-Atlantique","7","Autre profession libérale","Les Démocrates","Dem"
"267042","Yannick","Favennec-Bécot","Pays de la Loire","Mayenne","3","Directeur de cabinet","Libertés, Indépendants, Outre-mer et Territoires","LIOT"
"841869","Michel","Gonord","Ile-de-France","Seine-et-Marne","3","retraité","Droite Républicaine","DR"
"794106","Andrée","Taurinya","Auvergne-Rhône-Alpes","Loire","2","Professeur, profession scientifique","La France insoumise - Nouveau Front Populaire","LFI-NFP"
"309643","Véronique","Besse","Pays de la Loire","Vendée","4","Journaliste","Non inscrit","NI"
"719756","Christine","Le Nabour","Bretagne","Ille-et-Vilaine","5","Employée (secteur privé)","Ensemble pour la République","EPR"
"794802","Charles","Sitzenstuhl","Grand Est","Bas-Rhin","5","Cadre de la fonction publique","Ensemble pour la République","EPR"
"794022","Jérémie","Iordanoff","Auvergne-Rhône-Alpes","Isère","5","Artiste-peintre","Écologiste et Social","EcoS"
"721234","Maud","Petit","Ile-de-France","Val-de-Marne","4","Chargée de ressources humaines","Les Démocrates","Dem"
"794354","Hélène","Laporte","Nouvelle-Aquitaine","Lot-et-Garonne","2","Analyste bancaire","Rassemblement National","RN"
"335758","Franck","Riester","Ile-de-France","Seine-et-Marne","5","Chef d'entreprise","Ensemble pour la République","EPR"
"841091","Arnaud","Simion","Occitanie","Haute-Garonne","6","(33) - Cadre de la fonction publique","Socialistes et apparentés","SOC"
"608172","Christine","Pirès Beaune","Auvergne-Rhône-Alpes","Puy-de-Dôme","2","Fonctionnaire de catégorie A","Socialistes et apparentés","SOC"
"340343","Hervé","Saulignac","Auvergne-Rhône-Alpes","Ardèche","1","Cadre (entreprises publiques)","Socialistes et apparentés","SOC"
"795540","Daniel","Grenon","Bourgogne-Franche-Comté","Yonne","1","Ancien artisan, commerçant, chef d'entreprise","Non inscrit","NI"
"720362","Belkhir","Belhaddad","Grand Est","Moselle","1","Industriel-Chef d'entreprise","Ensemble pour la République","EPR"
"719286","Paul-André","Colombani","Corse","Corse-du-Sud","2","Médecin","Libertés, Indépendants, Outre-mer et Territoires","LIOT"
"774960","Isabelle","Santiago","Ile-de-France","Val-de-Marne","9","Cadre territorial","Socialistes et apparentés","SOC"
"795746","Antoine","Léaument","Ile-de-France","Essonne","10","Responsable de la communication numérique","La France insoumise - Nouveau Front Populaire","LFI-NFP"
"720154","Nicole","Dubré-Chirat","Pays de la Loire","Maine-et-Loire","6","Retraitée de la fonction publique hospitalière et chargée de formation","Ensemble pour la République","EPR"
"794982","Julie","Delpech","Pays de la Loire","Sarthe","1","Chargée de communication","Ensemble pour la République","EPR"
"569","Philippe","Bonnecarrère","Occitanie","Tarn","1","Avocat","Non inscrit","NI"
"794418","Florence","Goulet","Grand Est","Meuse","2","Cadre de la fonction publique","Rassemblement National","RN"
"795636","Benjamin","Lucas-Lundy","Ile-de-France","Yvelines","8","(85) - Personne diverse sans activité professionnelle de moins de 60 ans (sauf r","Écologiste et Social","EcoS"
"719778","François","Jolivet","Centre-Val de Loire","Indre","1","Cadre supérieur (secteur privé)","Horizons & Indépendants","HOR"
"719024","Christophe","Blanchet","Normandie","Calvados","4","Commerçant","Les Démocrates","Dem"
"841837","Robert","Le Bourgeois","Normandie","Seine-Maritime","10","(37) - Cadre administratif et commercial d'entreprise","Rassemblement National","RN"
"841471","Stéphane","Hablot","Grand Est","Meurthe-et-Moselle","2","Education nationale","Socialistes et apparentés","SOC"
"795596","Paul","Vannier","Ile-de-France","Val-d'Oise","5","Professeur d'histoire-géographie","La France insoumise - Nouveau Front Populaire","LFI-NFP"
"719968","Sylvie","Bonnet","Auvergne-Rhône-Alpes","Loire","4","Collaboratrice parlementaire","Droite Républicaine","DR"
"795026","Anne-Cécile","Violland","Auvergne-Rhône-Alpes","Haute-Savoie","5","Profession libérale","Horizons & Indépendants","HOR"
"841017","Harold","Huwart","Centre-Val de Loire","Eure-et-Loir","3","Administrateur de l'État","Libertés, Indépendants, Outre-mer et Territoires","LIOT"
"721816","Ian","Boucard","Bourgogne-Franche-Comté","Territoire de Belfort","1","Autre cadre (secteur privé)","Droite Républicaine","DR"
"794718","Christine","Engrand","Hauts-de-France","Pas-de-Calais","6","Cadre administratif et commercial d'entreprise","Rassemblement National","RN"
"794038","Yannick","Neuder","Auvergne-Rhône-Alpes","Isère","7","Cardiologue","Droite Républicaine","DR"
"793716","Laurent","Croizier","Bourgogne-Franche-Comté","Doubs","1","Professeur des écoles, instituteur et assimilé","Les Démocrates","Dem"
"795466","Ersilia","Soudais","Ile-de-France","Seine-et-Marne","7","Professeur, profession scientifique","La France insoumise - Nouveau Front Populaire","LFI-NFP"
"642764","Joël","Aviragnet","Occitanie","Haute-Garonne","8","Directeur d'un établissement pour l'enfance handicapée","Socialistes et apparentés","SOC"
"841047","François-Xavier","Ceccoli","Corse","Haute-Corse","2","(23) - Chef d'entreprise de 10 salariés ou plus","Droite Républicaine","DR"
"736201","Sophie","Taillé-Polian","Ile-de-France","Val-de-Marne","11","Cadre de la fonction publique","Écologiste et Social","EcoS"
"722150","Sacha","Houlié","Nouvelle-Aquitaine","Vienne","2","Avocat","Non inscrit","NI"
"795100","Éric","Martineau","Pays de la Loire","Sarthe","3","Agriculteur sur moyenne exploitation","Les Démocrates","Dem"
"719080","Sandra","Marsaud","Nouvelle-Aquitaine","Charente","2","Cadre (entreprises publiques)","Ensemble pour la République","EPR"
"795974","Philippe","Lottiaux","Provence-Alpes-Côte d'Azur","Var","4","Cadre de la fonction publique","Rassemblement National","RN"
"722366","Jean-Luc","Fugit","Auvergne-Rhône-Alpes","Rhône","11","Professeur de faculté","Ensemble pour la République","EPR"
"840939","Océane","Godard","Bourgogne-Franche-Comté","Côte-d'Or","1","Psychologue du travail","Socialistes et apparentés","SOC"
"720614","Marine","Le Pen","Hauts-de-France","Pas-de-Calais","11","Avocate","Rassemblement National","RN"
"722046","Aurore","Bergé","Ile-de-France","Yvelines","10","Cadre supérieur (secteur privé)","Ensemble pour la République","EPR"
"793980","Charles","Fournier","Centre-Val de Loire","Indre-et-Loire","1","Consultant, formateur","Écologiste et Social","EcoS"
"841665","Denis","Fégné","Occitanie","Hautes-Pyrénées","2","(74) - Ancien cadre","Socialistes et apparentés","SOC"
"795350","Frédéric","Valletoux","Ile-de-France","Seine-et-Marne","2","Profession de l'information","Horizons & Indépendants","HOR"
"719436","Nicolas","Meizonnet","Occitanie","Gard","2","Ingénieur en informatique","Rassemblement National","RN"
"840781","Romain","Tonussi","Provence-Alpes-Côte d'Azur","Bouches-du-Rhône","8","(45) - Profession intermédiaire administrative de la fonction publique","Rassemblement National","RN"
"795616","Carlos Martens","Bilongo","Ile-de-France","Val-d'Oise","8","Professeur, profession scientifique","La France insoumise - Nouveau Front Populaire","LFI-NFP"
"643157","Philippe","Naillet","Réunion","Réunion","1","Inspecteur assurance-vie","Socialistes et apparentés","SOC"
"717379","Sylvain","Maillard","Ile-de-France","Paris","1","Industriel-Chef d'entreprise","Ensemble pour la République","EPR"
"719388","Annaïg","Le Meur","Bretagne","Finistère","1","Autre profession libérale","Ensemble pour la République","EPR"
"841539","Julien","Gokel","Hauts-de-France","Nord","13","(45) - Profession intermédiaire administrative de la fonction publique","Socialistes et apparentés","SOC"
"722374","Cyrille","Isaac-Sibille","Auvergne-Rhône-Alpes","Rhône","12","Médecin","Les Démocrates","Dem"
"795010","Marie-Charlotte","Garin","Auvergne-Rhône-Alpes","Rhône","3","Collaboratrice politique en collectivité locale","Écologiste et Social","EcoS"
"841693","Jean","Laussucq","Ile-de-France","Paris","2","(33) - Cadre de la fonction publique","Ensemble pour la République","EPR"
"840889","Matthieu","Bloch","Bourgogne-Franche-Comté","Doubs","3","(37) - Cadre administratif et commercial d'entreprise","UDR","UDR"
"842311","Vincent","Caure","Français établis hors de France","Français établis hors de France","3","(33) - Cadre de la fonction publique","Ensemble pour la République","EPR"
"793572","Christophe","Plassard","Nouvelle-Aquitaine","Charente-Maritime","5","Profession libérale","Horizons & Indépendants","HOR"
"795762","Elie","Califer","Guadeloupe","Guadeloupe","4","Ancien cadre","Socialistes et apparentés","SOC"
"793322","Christelle","D'Intorni","Provence-Alpes-Côte d'Azur","Alpes-Maritimes","5","Avocate","UDR","UDR"
"793844","Pascale","Bordes","Occitanie","Gard","3","Profession libérale","Rassemblement National","RN"
"720644","Jérôme","Nury","Normandie","Orne","3","Cadre de la fonction publique","Droite Républicaine","DR"
"793238","Christophe","Barthès","Occitanie","Aude","1","Agriculteur sur moyenne exploitation","Rassemblement National","RN"
"267318","Jean-Carles","Grelier","Pays de la Loire","Sarthe","5","Avocat","Les Démocrates","Dem"
"720342","Nicole","Le Peih","Bretagne","Morbihan","3","Agricultrice","Ensemble pour la République","EPR"
"796034","Frank","Giletti","Provence-Alpes-Côte d'Azur","Var","6","Fonctionnaire","Rassemblement National","RN"
"722190","Gabriel","Attal","Ile-de-France","Hauts-de-Seine","10","Consultant","Ensemble pour la République","EPR"
"841339","Jean-Michel","Brard","Pays de la Loire","Loire-Atlantique","9","(22) - Commerçant et assimilé","Horizons & Indépendants","HOR"
"840955","Pierre","Pribetich","Bourgogne-Franche-Comté","Côte-d'Or","3","(34) - Professeur, profession scientifique","Socialistes et apparentés","SOC"
"840119","Sandra","Delannoy","Hauts-de-France","Nord","3","(21) - Artisan","Rassemblement National","RN"
"794762","Sandrine","Dogor-Such","Occitanie","Pyrénées-Orientales","3","Préparatrice en pharmacie","Rassemblement National","RN"
"719118","François","Cormier-Bouligeon","Centre-Val de Loire","Cher","1","Juriste","Ensemble pour la République","EPR"
"793872","Nathalie","Oziol","Occitanie","Hérault","2","Professeur, profession scientifique","La France insoumise - Nouveau Front Populaire","LFI-NFP"
"342240","Jean-Luc","Bourgeaux","Bretagne","Ille-et-Vilaine","7","Agriculteur","Droite Républicaine","DR"
"793362","José","Gonzalez","Provence-Alpes-Côte d'Azur","Bouches-du-Rhône","10","Ancien employé","Rassemblement National","RN"
"842227","Joseph","Rivière","Réunion","Réunion","3","(45) - Profession intermédiaire administrative de la fonction publique","Rassemblement National","RN"
"722102","Annie","Vidal","Normandie","Seine-Maritime","2","Retraitée de la fonction publique hospitalière","Ensemble pour la République","EPR"
"267763","Jean-Pierre","Bataille","Hauts-de-France","Nord","15","Pharmacien","Libertés, Indépendants, Outre-mer et Territoires","LIOT"
"721296","Guillaume","Gouffier Valente","Ile-de-France","Val-de-Marne","6","Manager public","Ensemble pour la République","EPR"
"841381","Sophie","Pantel","Occitanie","Lozère","1","(45) - Profession intermédiaire administrative de la fonction publique","Socialistes et apparentés","SOC"
"841515","Aurélien","Le Coq","Hauts-de-France","Nord","1","(54) - Employé administratif d'entreprise","La France insoumise - Nouveau Front Populaire","LFI-NFP"
"330240","Éric","Ciotti","Provence-Alpes-Côte d'Azur","Alpes-Maritimes","1","(33) - Cadre de la fonction publique","UDR","UDR"
"840171","Emmanuel","Grégoire","Ile-de-France","Paris","7","(37) - Cadre administratif et commercial d'entreprise","Socialistes et apparentés","SOC"
"842105","Raphaël","Arnault","Provence-Alpes-Côte d'Azur","Vaucluse","1","(52) - Employé civil et agent de service de la fonction publique","La France insoumise - Nouveau Front Populaire","LFI-NFP"
"841431","Nathalie","Colin-Oesterlé","Grand Est","Moselle","3","(31) - Profession libérale","Horizons & Indépendants","HOR"
"841645","Théo","Bernhardt","Grand Est","Bas-Rhin","8","Ingénieur de recherche","Rassemblement National","RN"
"332523","Marie-Christine","Dalloz","Bourgogne-Franche-Comté","Jura","2","(86) - Personne diverse sans activité professionnelle de 60 ans et plus","Droite Républicaine","DR"
"842263","Ayda","Hadizadeh","Ile-de-France","Val-d'Oise","2","(37) - Cadre administratif et commercial d'entreprise","Socialistes et apparentés","SOC"
"793146","Nicolas","Dragon","Hauts-de-France","Aisne","1","Profession libérale","Rassemblement National","RN"
"721584","Jean","Terlier","Occitanie","Tarn","3","Avocat","Ensemble pour la République","EPR"
"794658","Philippe","Fait","Hauts-de-France","Pas-de-Calais","4","Professeur des écoles, instituteur et assimilé","Ensemble pour la République","EPR"
"793254","Julien","Rancoule","Occitanie","Aude","3","Profession libérale","Rassemblement National","RN"
"720908","Naïma","Moutchou","Ile-de-France","Val-d'Oise","4","Avocat","Horizons & Indépendants","HOR"
"717161","Élisabeth","Borne","Normandie","Calvados","6","Ingénieur et cadre technique d'entreprise","Ensemble pour la République","EPR"
"720066","Stéphanie","Rist","Centre-Val de Loire","Loiret","1","Médecin","Ensemble pour la République","EPR"
"642847","Thibault","Bazin","Grand Est","Meurthe-et-Moselle","4","Autre cadre (secteur privé)","Droite Républicaine","DR"
"794178","Jean-Pierre","Taite","Auvergne-Rhône-Alpes","Loire","6","Ancien artisan, commerçant, chef d'entreprise","Droite Républicaine","DR"
"794094","Mickaël","Bouloux","Bretagne","Ille-et-Vilaine","8","Ingénieur et cadre technique d'entreprise","Socialistes et apparentés","SOC"
"795588","Farida","Amrani","Ile-de-France","Essonne","1","Cadre de la fonction publique","La France insoumise - Nouveau Front Populaire","LFI-NFP"
"841243","Sébastien","Saint-Pasteur","Nouvelle-Aquitaine","Gironde","7","(33) - Cadre de la fonction publique","Socialistes et apparentés","SOC"
"840801","Emmanuel","Fouquart","Provence-Alpes-Côte d'Azur","Bouches-du-Rhône","13","Retraité militaire","Rassemblement National","RN"
"721062","Jean-Hugues","Ratenon","Réunion","Réunion","5","Employé (secteur privé)","La France insoumise - Nouveau Front Populaire","LFI-NFP"
"841191","Sandrine","Nosbé","Auvergne-Rhône-Alpes","Isère","9","(54) - Employé administratif d'entreprise","La France insoumise - Nouveau Front Populaire","LFI-NFP"
"794270","Anna","Pic","Normandie","Manche","4","Professeur, profession scientifique","Socialistes et apparentés","SOC"
"841893","Céline","Thiébault-Martinez","Ile-de-France","Seine-et-Marne","9","(37) - Cadre administratif et commercial d'entreprise","Socialistes et apparentés","SOC"
"841107","Jacques","Oberti","Occitanie","Haute-Garonne","10","(38) - Ingénieur et cadre technique d'entreprise","Socialistes et apparentés","SOC"
"720446","Brigitte","Liso","Hauts-de-France","Nord","4","Commerçant","Ensemble pour la République","EPR"
"840701","Bernard","Chaix","Provence-Alpes-Côte d'Azur","Alpes-Maritimes","3","(22) - Commerçant et assimilé","UDR","UDR"
"721932","Marie-France","Lorho","Provence-Alpes-Côte d'Azur","Vaucluse","4","Déléguée médicale","Rassemblement National","RN"
"267285","Laurent","Wauquiez","Auvergne-Rhône-Alpes","Haute-Loire","1","(33) - Cadre de la fonction publique","Droite Républicaine","DR"
"841439","Pascal","Jenft","Grand Est","Moselle","5","(21) - Artisan","Rassemblement National","RN"
"795864","Pierre","Cazeneuve","Ile-de-France","Hauts-de-Seine","7","Cadre de la fonction publique","Ensemble pour la République","EPR"
"722162","Nicolas","Turquois","Nouvelle-Aquitaine","Vienne","4","Agriculteur-propriétaire exploitant","Les Démocrates","Dem"
"605694","Olivier","Falorni","Nouvelle-Aquitaine","Charente-Maritime","1","Professeur du secondaire","Les Démocrates","Dem"
"795900","Marine","Hamelet","Occitanie","Tarn-et-Garonne","2","Profession intermédiaire administrative et commerciale des entreprises","Rassemblement National","RN"
"841613","Marc","de Fleurian","Hauts-de-France","Pas-de-Calais","7","(33) - Cadre de la fonction publique","Rassemblement National","RN"
"795722","Karl","Olive","Ile-de-France","Yvelines","12","Chef d'entreprise","Ensemble pour la République","EPR"
"793992","Henri","Alfandari","Centre-Val de Loire","Indre-et-Loire","3","Ancien artisan, commerçant, chef d'entreprise","Horizons & Indépendants","HOR"
"720838","Soumya","Bourouaha","Ile-de-France","Seine-Saint-Denis","4","Professeure","Gauche Démocrate et Républicaine","GDR"
"721764","Olivia","Grégoire","Ile-de-France","Paris","12","Chef d'entreprise","Ensemble pour la République","EPR"
"841487","Anthony","Boulogne","Grand Est","Meurthe-et-Moselle","6","(37) - Cadre administratif et commercial d'entreprise","Rassemblement National","RN"
"793102","Christian","Girard","Provence-Alpes-Côte d'Azur","Alpes-de-Haute-Provence","1","Ancien cadre","Rassemblement National","RN"
"840235","Moerani","Frébault","Polynésie française","Polynésie Française","1","(33) - Cadre de la fonction publique","Ensemble pour la République","EPR"
"719404","Didier","Le Gac","Bretagne","Finistère","3","Profession rattachée à l'enseignement","Ensemble pour la République","EPR"
"842013","Steevy","Gustave","Ile-de-France","Essonne","3","(35) - Profession de l'information, des arts et des spectacles","Écologiste et Social","EcoS"
"719640","Sophie","Mette","Nouvelle-Aquitaine","Gironde","9","Sans profession déclarée","Les Démocrates","Dem"
"794938","Idir","Boumertit","Auvergne-Rhône-Alpes","Rhône","14","Employé administratif d'entreprise","La France insoumise - Nouveau Front Populaire","LFI-NFP"
"793912","Sylvain","Carrière","Occitanie","Hérault","8","Employé de commerce","La France insoumise - Nouveau Front Populaire","LFI-NFP"
"721170","Stéphane","Vojetta","Français établis hors de France","Français établis hors de France","5","Entrepreneur","Ensemble pour la République","EPR"
"795528","Charles","Rodwell","Ile-de-France","Yvelines","1","Cadre de la fonction publique","Ensemble pour la République","EPR"
"793796","David","Taupiac","Occitanie","Gers","2","Consultant aéronautique","Libertés, Indépendants, Outre-mer et Territoires","LIOT"
"841067","Alexandre","Allegret-Pilot","Occitanie","Gard","5","(33) - Cadre de la fonction publique","UDR","UDR"
"721202","Éric","Coquerel","Ile-de-France","Seine-Saint-Denis","1","Industriel-Chef d'entreprise","La France insoumise - Nouveau Front Populaire","LFI-NFP"
"719930","Boris","Vallaud","Nouvelle-Aquitaine","Landes","3","Fonctionnaire de catégorie A","Socialistes et apparentés","SOC"
"266808","Vincent","Rolland","Auvergne-Rhône-Alpes","Savoie","2","Collaborateur parlementaire","Droite Républicaine","DR"
"793948","Nicolas","Thierry","Nouvelle-Aquitaine","Gironde","2","Consultant en développement durable","Écologiste et Social","EcoS"
"795966","Stéphane","Rambaud","Provence-Alpes-Côte d'Azur","Var","3","Retraité de la police nationale","Rassemblement National","RN"
"795786","Yaël","Ménaché","Hauts-de-France","Somme","5","Commerciale","Rassemblement National","RN"
"840967","René","Lioret","Bourgogne-Franche-Comté","Côte-d'Or","5","(74) - Ancien cadre","Rassemblement National","RN"
"794530","Matthieu","Marchio","Hauts-de-France","Nord","16","Cadre administratif et commercial d'entreprise","Rassemblement National","RN"
"335999","Delphine","Batho","Nouvelle-Aquitaine","Deux-Sèvres","2","Cadre territorial","Écologiste et Social","EcoS"
"719822","Sabine","Thillaye","Centre-Val de Loire","Indre-et-Loire","5","Ancien Chef d'entreprise","Les Démocrates","Dem"
"794778","Sandra","Regol","Grand Est","Bas-Rhin","1","(85) - Personne diverse sans activité professionnelle de moins de 60 ans (sauf r","Écologiste et Social","EcoS"
"719052","Loïc","Kervran","Centre-Val de Loire","Cher","3","Autre cadre (secteur privé)","Horizons & Indépendants","HOR"
"795200","Alma","Dufour","Normandie","Seine-Maritime","4","Responsable associative","La France insoumise - Nouveau Front Populaire","LFI-NFP"
"719338","Graziella","Melchior","Bretagne","Finistère","5","Professeure agrégée","Ensemble pour la République","EPR"
"795912","Laure","Lavalette","Provence-Alpes-Côte d'Azur","Var","2","(85) - Personne diverse sans activité professionnelle de moins de 60 ans (sauf r","Rassemblement National","RN"
"722382","Benjamin","Dirx","Bourgogne-Franche-Comté","Saône-et-Loire","1","Industriel-Chef d'entreprise","Ensemble pour la République","EPR"
"795076","Sandrine","Rousseau","Ile-de-France","Paris","9","Professeur, profession scientifique","Écologiste et Social","EcoS"
"841717","Sandrine","Runel","Auvergne-Rhône-Alpes","Rhône","4","(33) - Cadre de la fonction publique","Socialistes et apparentés","SOC"
"793656","Lisette","Pollet","Auvergne-Rhône-Alpes","Drôme","2","Ouvrier qualifié de type industriel","Rassemblement National","RN"
"721182","Frédéric","Petit","Français établis hors de France","Français établis hors de France","7","Ingénieur","Les Démocrates","Dem"
"721844","Béatrice","Piron","Ile-de-France","Yvelines","3","Chef d'entreprise","Horizons & Indépendants","HOR"
"643184","Brigitte","Klinkert","Grand Est","Haut-Rhin","1","Ancien cadre","Ensemble pour la République","EPR"
"842279","Anchya","Bamana","Mayotte","Mayotte","2","(33) - Cadre de la fonction publique","Rassemblement National","RN"
"793158","José","Beaurain","Hauts-de-France","Aisne","4","Artisan","Rassemblement National","RN"
"793736","Hadrien","Clouet","Occitanie","Haute-Garonne","1","Sociologue","La France insoumise - Nouveau Front Populaire","LFI-NFP"
"793262","Laurent","Alexandre","Occitanie","Aveyron","2","Ouvrier qualifié de type industriel","La France insoumise - Nouveau Front Populaire","LFI-NFP"
"720846","Bastien","Lachaud","Ile-de-France","Seine-Saint-Denis","6","Professeur du secondaire et technique","La France insoumise - Nouveau Front Populaire","LFI-NFP"
"842195","Romain","Eskenazi","Ile-de-France","Val-d'Oise","7","(33) - Cadre de la fonction publique","Socialistes et apparentés","SOC"
"795136","Jean-François","Coulomme","Auvergne-Rhône-Alpes","Savoie","4","Ingénieur commercial","La France insoumise - Nouveau Front Populaire","LFI-NFP"
"1008","Alain","David","Nouvelle-Aquitaine","Gironde","4","Ingénieur","Socialistes et apparentés","SOC"
"841359","Constance","de Pélichy","Centre-Val de Loire","Loiret","3","(85) - Personne diverse sans activité professionnelle de moins de 60 ans (sauf r","Libertés, Indépendants, Outre-mer et Territoires","LIOT"
"719218","Hervé","Berville","Bretagne","Côtes-d'Armor","2","Economiste","Ensemble pour la République","EPR"
"720468","Sébastien","Chenu","Hauts-de-France","Nord","19","Conseiller en communication","Rassemblement National","RN"
"841681","Thierry","Sother","Grand Est","Bas-Rhin","3","(33) - Cadre de la fonction publique","Socialistes et apparentés","SOC"
"719272","Frédérique","Meunier","Nouvelle-Aquitaine","Corrèze","2","Avocate","Droite Républicaine","DR"
"794130","Andy","Kerbrat","Pays de la Loire","Loire-Atlantique","2","Chargé d'assistance automobile","La France insoumise - Nouveau Front Populaire","LFI-NFP"
"793374","Romain","Baubry","Provence-Alpes-Côte d'Azur","Bouches-du-Rhône","15","Policier et militaire","Rassemblement National","RN"
"796070","Perceval","Gaillard","Réunion","Réunion","7","Profession intermédiaire de la santé et du travail social","La France insoumise - Nouveau Front Populaire","LFI-NFP"
"841825","Patrice","Martin","Normandie","Seine-Maritime","6","(11) - Agriculteur sur petite exploitation","Rassemblement National","RN"
"719550","Liliana","Tanguy","Bretagne","Finistère","7","Cadre supérieur du secteur public","Ensemble pour la République","EPR"
"794570","Alexandre","Sabatou","Hauts-de-France","Oise","3","Chef de projets SI","Rassemblement National","RN"
"718838","Fabrice","Brun","Auvergne-Rhône-Alpes","Ardèche","3","Industriel-Chef d'entreprise","Droite Républicaine","DR"
"841761","Aurélien","Dutremble","Bourgogne-Franche-Comté","Saône-et-Loire","3","(47) - Technicien hospitalier","Rassemblement National","RN"
"817203","Laure","Miller","Grand Est","Marne","2","Avocate","Ensemble pour la République","EPR"
"793122","Romain","Daubié","Auvergne-Rhône-Alpes","Ain","2","Avocat","Les Démocrates","Dem"
"796090","Aymeric","Caron","Ile-de-France","Paris","18","Profession de l'information, des arts et des spectacles","La France insoumise - Nouveau Front Populaire","LFI-NFP"
"1630","Michel","Herbillon","Ile-de-France","Val-de-Marne","8","Cadre supérieur","Droite Républicaine","DR"
"841315","Karim","Benbrahim","Pays de la Loire","Loire-Atlantique","1","(38) - Ingénieur et cadre technique d'entreprise","Socialistes et apparentés","SOC"
"794906","Gabriel","Amard","Auvergne-Rhône-Alpes","Rhône","6","Cadre administratif et commercial d'entreprise","La France insoumise - Nouveau Front Populaire","LFI-NFP"
"840915","Thibaut","Monnier","Auvergne-Rhône-Alpes","Drôme","4","(37) - Cadre administratif et commercial d'entreprise","Rassemblement National","RN"
"720552","Isabelle","Rauch","Grand Est","Moselle","9","Consultante","Horizons & Indépendants","HOR"
"795454","Karim","Ben Cheikh","Français établis hors de France","Français établis hors de France","9","Cadre de la fonction publique","Écologiste et Social","EcoS"
"794582","Kévin","Pfeffer","Grand Est","Moselle","6","Permanent politique","Rassemblement National","RN"
"794838","Didier","Lemaire","Grand Est","Haut-Rhin","3","Employé civil et agent de service de la fonction publique","Horizons & Indépendants","HOR"
"795240","Mereana","Reid Arbelot","Polynésie française","Polynésie Française","3","Ingénieur en chef du contrôle de la navigation aérienne","Gauche Démocrate et Républicaine","GDR"
"822617","Martine","Froger","Occitanie","Ariège","1","Chef d'entreprise","Libertés, Indépendants, Outre-mer et Territoires","LIOT"
"794670","Caroline","Parmentier","Hauts-de-France","Pas-de-Calais","9","Attachée de Presse","Rassemblement National","RN"
"840757","Monique","Griseti","Provence-Alpes-Côte d'Azur","Bouches-du-Rhône","1","(22) - Commerçant et assimilé","Rassemblement National","RN"
"795820","Marcellin","Nadeau","Martinique","Martinique","2","Cadre de la fonction publique","Gauche Démocrate et Républicaine","GDR"
"794470","Félicie","Gérard","Hauts-de-France","Nord","7","Chef de projet","Horizons & Indépendants","HOR"
"721210","Alexis","Corbière","Ile-de-France","Seine-Saint-Denis","7","Professeur de lycée professionnel","Écologiste et Social","EcoS"
"794330","Anthony","Brosse","Centre-Val de Loire","Loiret","5","Profession intermédiaire de la santé et du travail social","Ensemble pour la République","EPR"
"793532","Murielle","Lepvraud","Bretagne","Côtes-d'Armor","4","Employé administratif d'entreprise","La France insoumise - Nouveau Front Populaire","LFI-NFP"
"720162","Philippe","Bolo","Pays de la Loire","Maine-et-Loire","7","Ingénieur","Les Démocrates","Dem"
"840665","Marie-José","Allemand","Provence-Alpes-Côte d'Azur","Hautes-Alpes","1","(12) - Agriculteur sur moyenne exploitation","Socialistes et apparentés","SOC"
"795482","Manon","Meunier","Nouvelle-Aquitaine","Haute-Vienne","3","Cadre de la fonction publique","La France insoumise - Nouveau Front Populaire","LFI-NFP"
"267306","André","Chassaigne","Auvergne-Rhône-Alpes","Puy-de-Dôme","5","Retraité de l'éducation nationale","Gauche Démocrate et Républicaine","GDR"
"795664","Paul","Midy","Ile-de-France","Essonne","5","Chef d'entreprise de 10 salariés ou plus","Ensemble pour la République","EPR"
"841251","Mathilde","Feld","Nouvelle-Aquitaine","Gironde","12","(33) - Cadre de la fonction publique","La France insoumise - Nouveau Front Populaire","LFI-NFP"
"840817","Joël","Bruneau","Normandie","Calvados","1","(31) - Profession libérale","Libertés, Indépendants, Outre-mer et Territoires","LIOT"
"795672","Arnaud","Le Gall","Ile-de-France","Val-d'Oise","9","Cadre de la fonction publique","La France insoumise - Nouveau Front Populaire","LFI-NFP"
"841575","Frédéric-Pierre","Vos","Hauts-de-France","Oise","5","avocat","Rassemblement National","RN"
"718850","Pierre","Cordier","Grand Est","Ardennes","2","Fonctionnaire de catégorie A","Droite Républicaine","DR"
"720230","Lise","Magnier","Grand Est","Marne","4","Cadre territorial","Horizons & Indépendants","HOR"
"606545","Jean-Louis","Roumégas","Occitanie","Hérault","1","Enseignant 1er deg.- Professeur d'école","Écologiste et Social","EcoS"
"793134","Jérôme","Buisson","Auvergne-Rhône-Alpes","Ain","4","Professeur d'italien","Rassemblement National","RN"
"795808","Sabrina","Sebaihi","Ile-de-France","Hauts-de-Seine","4","Profession libérale","Écologiste et Social","EcoS"
"794146","Julie","Laernoes","Pays de la Loire","Loire-Atlantique","4","Ancien cadre","Écologiste et Social","EcoS"
"841737","Jonathan","Gery","Auvergne-Rhône-Alpes","Rhône","8","(53) - Policier et militaire","Rassemblement National","RN"
"841451","Julien","Guibert","Bourgogne-Franche-Comté","Nièvre","2","(46) - Profession intermédiaire administrative et commerciale des entreprises","Rassemblement National","RN"
"794198","Roger","Chudeau","Centre-Val de Loire","Loir-et-Cher","2","Inspecteur général de l'éducation nationale honoraire","Rassemblement National","RN"
"842299","Emmanuel","Tjibaou","Nouvelle-Calédonie","Nouvelle-Calédonie","2","(33) - Cadre de la fonction publique","Gauche Démocrate et Républicaine","GDR"
"793444","Manuel","Bompard","Provence-Alpes-Côte d'Azur","Bouches-du-Rhône","4","Ingénieur","La France insoumise - Nouveau Front Populaire","LFI-NFP"
"721984","Philippe","Latombe","Pays de la Loire","Vendée","1","Cadre supérieur (secteur privé)","Les Démocrates","Dem"
"841223","Tristan","Lahais","Bretagne","Ille-et-Vilaine","2","(37) - Cadre administratif et commercial d'entreprise","Écologiste et Social","EcoS"
"841633","Peio","Dufau","Nouvelle-Aquitaine","Pyrénées-Atlantiques","6","(48) - Contremaître, agent de maîtrise","Socialistes et apparentés","SOC"
"793290","Gisèle","Lelouis","Provence-Alpes-Côte d'Azur","Bouches-du-Rhône","3","Ancien employé","Rassemblement National","RN"
"794486","Violette","Spillebout","Hauts-de-France","Nord","9","Cadre administratif et commercial d'entreprise","Ensemble pour la République","EPR"
"794008","Cyrielle","Chatelain","Auvergne-Rhône-Alpes","Isère","2","Collaboratrice de cabinet","Écologiste et Social","EcoS"
"795298","Jérôme","Legavre","Ile-de-France","Seine-Saint-Denis","12","Professeur de lettres","La France insoumise - Nouveau Front Populaire","LFI-NFP"
"720100","Aurélien","Pradié","Occitanie","Lot","1","Cadre supérieur (secteur privé)","Non inscrit","NI"
"796042","Frédéric","Boccaletti","Provence-Alpes-Côte d'Azur","Var","7","(85) - Personne diverse sans activité professionnelle de moins de 60 ans","Rassemblement National","RN"
"720190","Bertrand","Sorre","Normandie","Manche","2","Enseignant 1er degré-directeur d'école (en disponibilité)","Ensemble pour la République","EPR"
"718784","Éric","Pauget","Provence-Alpes-Côte d'Azur","Alpes-Maritimes","7","Autre cadre (secteur privé)","Droite Républicaine","DR"
"842073","Gaëtan","Dussausaye","Grand Est","Vosges","2","(55) - Employé de commerce","Rassemblement National","RN"
"607619","Paul","Molac","Bretagne","Morbihan","4","Professeur du secondaire","Libertés, Indépendants, Outre-mer et Territoires","LIOT"
"795552","Julien","Odoul","Bourgogne-Franche-Comté","Yonne","3","Collaborateur parlementaire","Rassemblement National","RN"
"842029","Claire","Lejeune","Ile-de-France","Essonne","7","34 - Professeur, profession scientifique","La France insoumise - Nouveau Front Populaire","LFI-NFP"
"774954","Anne-Laure","Blin","Pays de la Loire","Maine-et-Loire","3","Juriste","Droite Républicaine","DR"
"841947","Zahia","Hamdane","Hauts-de-France","Somme","2","(43) - Profession intermédiaire de la santé et du travail social","La France insoumise - Nouveau Front Populaire","LFI-NFP"
"794434","Christophe","Bentz","Grand Est","Haute-Marne","1","Professeur, profession scientifique","Rassemblement National","RN"
"721908","Yaël","Braun-Pivet","Ile-de-France","Yvelines","5","Avocate","Ensemble pour la République","EPR"
"841131","Manon","Bouquin","Occitanie","Hérault","4","(33) - Cadre de la fonction publique","Rassemblement National","RN"
"712015","Julien","Dive","Hauts-de-France","Aisne","2","Chef de projet dans l'industrie","Droite Républicaine","DR"
"345722","Constance","Le Grip","Ile-de-France","Hauts-de-Seine","6","Conseillère parlementaire","Ensemble pour la République","EPR"
"720256","Géraldine","Bannier","Pays de la Loire","Mayenne","2","Professeur du secondaire et technique","Les Démocrates","Dem"
"719512","Corinne","Vignon","Occitanie","Haute-Garonne","3","Cadre supérieur (secteur privé)","Ensemble pour la République","EPR"
"795228","Nadège","Abomangoli","Ile-de-France","Seine-Saint-Denis","10","Contrôleure interne et risk manager","La France insoumise - Nouveau Front Populaire","LFI-NFP"
"841295","Pierrick","Courbon","Auvergne-Rhône-Alpes","Loire","1","(37) - Cadre administratif et commercial d'entreprise","Socialistes et apparentés","SOC"
"793632","Timothée","Houssin","Normandie","Eure","5","Cadre","Rassemblement National","RN"
"722000","Stéphane","Buchou","Pays de la Loire","Vendée","3","Cadre supérieur (secteur privé)","Ensemble pour la République","EPR"
"794082","Mathilde","Hignet","Bretagne","Ille-et-Vilaine","4","Ouvrière agricole","La France insoumise - Nouveau Front Populaire","LFI-NFP"
"794562","Philippe","Ballard","Hauts-de-France","Oise","2","Ancien journaliste","Rassemblement National","RN"
"342415","Marie-Noëlle","Battistel","Auvergne-Rhône-Alpes","Isère","4","Autre cadre (secteur privé)","Socialistes et apparentés","SOC"
"793696","Serge","Muller","Nouvelle-Aquitaine","Dordogne","2","Profession intermédiaire de la santé et du travail social","Rassemblement National","RN"
"841873","Julien","Limongi","Ile-de-France","Seine-et-Marne","4","(74) - Ancien cadre","Rassemblement National","RN"
"719528","Jean-François","Portarrieu","Occitanie","Haute-Garonne","5","Journaliste","Horizons & Indépendants","HOR"
"794686","Marianne","Maximi","Auvergne-Rhône-Alpes","Puy-de-Dôme","1","Profession intermédiaire de la santé et du travail social","La France insoumise - Nouveau Front Populaire","LFI-NFP"
"335612","Jean-Paul","Lecoq","Normandie","Seine-Maritime","8","Électricien","Gauche Démocrate et Républicaine","GDR"
"605782","Laurent","Marcangeli","Corse","Corse-du-Sud","1","Avocat","Horizons & Indépendants","HOR"
"642988","Hervé","de Lépinau","Provence-Alpes-Côte d'Azur","Vaucluse","3","Avocat","Rassemblement National","RN"
"842045","Julie","Ozenne","Ile-de-France","Essonne","9","(38) - Ingénieur et cadre technique d'entreprise","Écologiste et Social","EcoS"
"841777","Arnaud","Sanvert","Bourgogne-Franche-Comté","Saône-et-Loire","5","(56) - Personnel des services directs aux particuliers","Rassemblement National","RN"
"721960","Danièle","Obono","Ile-de-France","Paris","17","Bibliothécaire","La France insoumise - Nouveau Front Populaire","LFI-NFP"
"793608","Katiana","Levavasseur","Normandie","Eure","2","Ouvrier de type industriel","Rassemblement National","RN"
"794442","Laurence","Robert-Dehault","Grand Est","Haute-Marne","2","Profession libérale","Rassemblement National","RN"
"826635","Aurélien","Rousseau","Ile-de-France","Yvelines","7","Maître des requêtes au Conseil d'État","Socialistes et apparentés","SOC"
"841139","Julien","Gabarron","Occitanie","Hérault","6","Cadre Commercial","Rassemblement National","RN"
"642935","Olivier","Becht","Grand Est","Haut-Rhin","5","Magistrat","Ensemble pour la République","EPR"
"795310","Clémence","Guetté","Ile-de-France","Val-de-Marne","2","Cadre du secteur privé","La France insoumise - Nouveau Front Populaire","LFI-NFP"
"610654","Jean-Philippe","Nilor","Martinique","Martinique","4","Collaborateur parlementaire","La France insoumise - Nouveau Front Populaire","LFI-NFP"
"608826","Virginie","Duby-Muller","Auvergne-Rhône-Alpes","Haute-Savoie","4","Cadre du secteur privé","Droite Républicaine","DR"
"606098","Olivier","Marleix","Centre-Val de Loire","Eure-et-Loir","2","Fonctionnaire de catégorie A","Droite Républicaine","DR"
"840983","Bartolomé","Lenoir","Nouvelle-Aquitaine","Creuse","1","(37) - Cadre administratif et commercial d'entreprise","UDR","UDR"
"840159","Bruno","Clavet","Hauts-de-France","Pas-de-Calais","3","(45) - Profession intermédiaire administrative de la fonction publique","Rassemblement National","RN"
"795962","Joséphine","Missoffe","Ile-de-France","Paris","14","Infirmière-Puéricultrice","Ensemble pour la République","EPR"
"794030","Alexis","Jolly","Auvergne-Rhône-Alpes","Isère","6","Commerçant et assimilé","Rassemblement National","RN"
"720728","Jean-Paul","Mattei","Nouvelle-Aquitaine","Pyrénées-Atlantiques","2","Notaire","Les Démocrates","Dem"
"793708","Sébastien","Peytavie","Nouvelle-Aquitaine","Dordogne","4","Profession intermédiaire de la santé et du travail social","Écologiste et Social","EcoS"
"795410","Béatrice","Roullaud","Ile-de-France","Seine-et-Marne","6","Profession libérale","Rassemblement National","RN"
"793398","Jérémie","Patrier-Leitus","Normandie","Calvados","3","Cadre de la fonction publique","Horizons & Indépendants","HOR"
"720960","Olivier","Serva","Guadeloupe","Guadeloupe","1","Expert comptable","Libertés, Indépendants, Outre-mer et Territoires","LIOT"
"719138","Michel","Castellani","Corse","Haute-Corse","1","Professeur des Universités","Libertés, Indépendants, Outre-mer et Territoires","LIOT"
"841587","David","Magnier","Hauts-de-France","Oise","7","(48) - Contremaître, agent de maîtrise","Rassemblement National","RN"
"793210","Laurent","Panifous","Occitanie","Ariège","2","Directeur d'établissements sanitaires et sociaux","Libertés, Indépendants, Outre-mer et Territoires","LIOT"
"720892","Mathilde","Panot","Ile-de-France","Val-de-Marne","10","Coordinatrice de projets associatifs","La France insoumise - Nouveau Front Populaire","LFI-NFP"
"335054","Marietta","Karamanli","Pays de la Loire","Sarthe","2","Professeur dans l'enseignement supérieur","Socialistes et apparentés","SOC"
"817211","René","Pilato","Nouvelle-Aquitaine","Charente","1","Enseignant","La France insoumise - Nouveau Front Populaire","LFI-NFP"
"791812","Sophia","Chikirou","Ile-de-France","Paris","6","Chef d'entreprise de 10 salariés ou plus","La France insoumise - Nouveau Front Populaire","LFI-NFP"
"794154","Jean-Claude","Raux","Pays de la Loire","Loire-Atlantique","6","Professeur, profession scientifique","Écologiste et Social","EcoS"
"722358","Thomas","Gassilloud","Auvergne-Rhône-Alpes","Rhône","10","Industriel - Chef d'entreprise","Ensemble pour la République","EPR"
"793624","Philippe","Brun","Normandie","Eure","4","Magistrat administratif","Socialistes et apparentés","SOC"
"794678","Thierry","Frappé","Hauts-de-France","Pas-de-Calais","10","Profession libérale","Rassemblement National","RN"
"841657","Anaïs","Belouassa-Cherifi","Auvergne-Rhône-Alpes","Rhône","1","(37) - Cadre administratif et commercial d'entreprise","La France insoumise - Nouveau Front Populaire","LFI-NFP"
"721134","Roland","Lescure","Français établis hors de France","Français établis hors de France","1","Ministre","Ensemble pour la République","EPR"
"793432","Franck","Allisio","Provence-Alpes-Côte d'Azur","Bouches-du-Rhône","12","Profession libérale","Rassemblement National","RN"
"794798","Françoise","Buffet","Grand Est","Bas-Rhin","4","Ancien artisan, commerçant, chef d'entreprise","Ensemble pour la République","EPR"
"840773","Olivier","Fayssat","Provence-Alpes-Côte d'Azur","Bouches-du-Rhône","6","Dirigeant d'entreprise","UDR","UDR"
"795876","Davy","Rimane","Guyane","Guyane","2","Technicien","Gauche Démocrate et Républicaine","GDR"
"721458","Xavier","Roseren","Auvergne-Rhône-Alpes","Haute-Savoie","6","Commerçant","Horizons & Indépendants","HOR"
"794494","Roger","Vicot","Hauts-de-France","Nord","11","sans profession","Socialistes et apparentés","SOC"
"795318","Louis","Boyard","Ile-de-France","Val-de-Marne","3","Elève, étudiant","La France insoumise - Nouveau Front Populaire","LFI-NFP"
"720022","Michel","Lauzzana","Nouvelle-Aquitaine","Lot-et-Garonne","1","Médecin","Ensemble pour la République","EPR"
"841833","David","Guerin","Normandie","Seine-Maritime","9","vétérinaire","Horizons & Indépendants","HOR"
"267794","Michèle","Tabarot","Provence-Alpes-Côte d'Azur","Alpes-Maritimes","9","Chef d'entreprise","Droite Républicaine","DR"
"794894","Anaïs","Sabatini","Occitanie","Pyrénées-Orientales","2","Avocate","Rassemblement National","RN"
"842085","Sébastien","Humbert","Grand Est","Vosges","4","(33) - Cadre de la fonction publique","Rassemblement National","RN"
"794854","Inaki","Echaniz","Nouvelle-Aquitaine","Pyrénées-Atlantiques","4","Cadre de la fonction publique","Socialistes et apparentés","SOC"
"2940","Dominique","Voynet","Bourgogne-Franche-Comté","Doubs","2","Médecin","Écologiste et Social","EcoS"
"720354","Jean-Michel","Jacques","Bretagne","Morbihan","6","Infirmier des forces spéciales","Ensemble pour la République","EPR"
"795330","Eléonore","Caroit","Français établis hors de France","Français établis hors de France","2","Avocate","Ensemble pour la République","EPR"
"720146","Denis","Masséglia","Pays de la Loire","Maine-et-Loire","5","Ingénieur Arts et métiers","Ensemble pour la République","EPR"
"840837","Pascal","Markowsky","Nouvelle-Aquitaine","Charente-Maritime","4","(72) - Ancien artisan, commerçant, chef d'entreprise","Rassemblement National","RN"
"720976","Max","Mathiasin","Guadeloupe","Guadeloupe","3","Fonction publique territoriale","Libertés, Indépendants, Outre-mer et Territoires","LIOT"
"793314","Alexandra","Masson","Provence-Alpes-Côte d'Azur","Alpes-Maritimes","4","Profession libérale","Rassemblement National","RN"
"795778","Jean-Philippe","Tanguy","Hauts-de-France","Somme","4","Cadre administratif et commercial d'entreprise","Rassemblement National","RN"
"608016","Véronique","Louwagie","Normandie","Orne","2","Expert-comptable","Droite Républicaine","DR"
"793230","Angélique","Ranc","Grand Est","Aube","3","Sans activité professionnelle","Rassemblement National","RN"
"720334","Jimmy","Pahun","Bretagne","Morbihan","2","Navigateur","Les Démocrates","Dem"
"793182","Jorys","Bovet","Auvergne-Rhône-Alpes","Allier","2","Chauffeur-livreur","Rassemblement National","RN"
"796026","Julie","Lechanteux","Provence-Alpes-Côte d'Azur","Var","5","(85) - Personne diverse sans activité professionnelle de moins de 60 ans (sauf r","Rassemblement National","RN"
"842137","Stéphane","Séjourné","Ile-de-France","Hauts-de-Seine","9","(33) - Cadre de la fonction publique","Ensemble pour la République","EPR"
"794166","Matthias","Tavel","Pays de la Loire","Loire-Atlantique","8","Cadre de la fonction publique","La France insoumise - Nouveau Front Populaire","LFI-NFP"
"840947","Catherine","Hervieu","Bourgogne-Franche-Comté","Côte-d'Or","2","Psychologue scolaire","Écologiste et Social","EcoS"
"841463","Estelle","Mercier","Grand Est","Meurthe-et-Moselle","1","(34) - Professeur, profession scientifique","Socialistes et apparentés","SOC"
"794886","Sophie","Blanc","Occitanie","Pyrénées-Orientales","1","Profession libérale","Rassemblement National","RN"
"794114","Emmanuel","Mandon","Auvergne-Rhône-Alpes","Loire","3","Conseiller d'insertion professionnelle","Les Démocrates","Dem"
"793756","François","Piquemal","Occitanie","Haute-Garonne","4","Enseignant","La France insoumise - Nouveau Front Populaire","LFI-NFP"
"722070","Pierre","Henriet","Pays de la Loire","Vendée","5","Professeur du secondaire et technique","Horizons & Indépendants","HOR"
"332228","Thierry","Benoit","Bretagne","Ille-et-Vilaine","6","Représentant de commerce","Horizons & Indépendants","HOR"
"794810","Louise","Morel","Grand Est","Bas-Rhin","6","Cadre administratif et commercial d'entreprise","Les Démocrates","Dem"
"793354","Joëlle","Mélin","Provence-Alpes-Côte d'Azur","Bouches-du-Rhône","9","Médecin expert judiciaire","Rassemblement National","RN"
"774962","Karine","Lebon","Réunion","Réunion","2","Professeure des écoles","Gauche Démocrate et Républicaine","GDR"
"841745","Pascale","Bay","Auvergne-Rhône-Alpes","Rhône","9","Enseignante retraitée","Droite Républicaine","DR"
"795386","Mathieu","Lefèvre","Ile-de-France","Val-de-Marne","5","Cadre de la fonction publique","Ensemble pour la République","EPR"
"695512","Guillaume","Lepers","Nouvelle-Aquitaine","Lot-et-Garonne","3","(37) - Cadre administratif et commercial d'entreprise","Droite Républicaine","DR"
"793772","Christophe","Bex","Occitanie","Haute-Garonne","7","Retraité","La France insoumise - Nouveau Front Populaire","LFI-NFP"
"841507","Nicolas","Bonnet","Auvergne-Rhône-Alpes","Puy-de-Dôme","3","(38) - Ingénieur et cadre technique d'entreprise","Écologiste et Social","EcoS"
"840685","Vincent","Trébuchet","Auvergne-Rhône-Alpes","Ardèche","2","(37) - Cadre administratif et commercial d'entreprise","UDR","UDR"
"842097","Sophie-Laurence","Roy","Bourgogne-Franche-Comté","Yonne","2","(31) - Profession libérale","Rassemblement National","RN"
"720370","Ludovic","Mendes","Grand Est","Moselle","2","Cadre supérieur (secteur privé)","Ensemble pour la République","EPR"
"795362","Lisa","Belluco","Nouvelle-Aquitaine","Vienne","1","Cadre de la fonction publique","Écologiste et Social","EcoS"
"719890","Danielle","Brulebois","Bourgogne-Franche-Comté","Jura","1","Retraitée de l'enseignement","Ensemble pour la République","EPR"
"842255","Anne","Sicard","Ile-de-France","Val-d'Oise","1","(37) - Cadre administratif et commercial d'entreprise","Rassemblement National","RN"
"795844","Karen","Erodi","Occitanie","Tarn","2","Profession libérale","La France insoumise - Nouveau Front Populaire","LFI-NFP"
"841919","Dieynaba","Diop","Ile-de-France","Yvelines","9","(34) - Professeur, profession scientifique","Socialistes et apparentés","SOC"
"1327","Nicolas","Forissier","Centre-Val de Loire","Indre","2","Chef d'entreprise","Droite Républicaine","DR"
"719032","Bertrand","Bouyx","Normandie","Calvados","5","Pharmacien","Horizons & Indépendants","HOR"
"408578","Jean-Didier","Berger","Ile-de-France","Hauts-de-Seine","12","(37) - Cadre administratif et commercial d'entreprise","Droite Républicaine","DR"
"607193","Sophie","Errante","Pays de la Loire","Loire-Atlantique","10","Industriel-Chef d'entreprise","Non inscrit","NI"
"841845","Arnaud","Saint-Martin","Ile-de-France","Seine-et-Marne","1","(34) - Professeur, profession scientifique","La France insoumise - Nouveau Front Populaire","LFI-NFP"
"841479","Frédéric","Weber","Grand Est","Meurthe-et-Moselle","3","(43) - Profession intermédiaire de la santé et du travail social","Rassemblement National","RN"
"796078","Estelle","Youssouffa","Mayotte","Mayotte","1","Consultante","Libertés, Indépendants, Outre-mer et Territoires","LIOT"
"794118","Antoine","Vermorel-Marques","Auvergne-Rhône-Alpes","Loire","5","Conseiller parlementaire","Droite Républicaine","DR"
"331582","Philippe","Vigier","Centre-Val de Loire","Eure-et-Loir","4","Biologiste A.I.H.P.","Les Démocrates","Dem"
"842001","Guillaume","Bigot","Bourgogne-Franche-Comté","Territoire de Belfort","2","(35) - Profession de l'information, des arts et des spectacles","Rassemblement National","RN"
"341981","Marie","Récalde","Nouvelle-Aquitaine","Gironde","6","Avocate","Socialistes et apparentés","SOC"
"722328","Eliane","Kremer","Grand Est","Bas-Rhin","7","retraitée","Droite Républicaine","DR"
"841183","Hanane","Mansouri","Auvergne-Rhône-Alpes","Isère","8","(84) - Elève, étudiant","UDR","UDR"
"841601","Pauline","Levasseur","Hauts-de-France","Pas-de-Calais","2","Collaboratrice parlementaire","Ensemble pour la République","EPR"
"841885","Arnaud","Bonnet","Ile-de-France","Seine-et-Marne","8","(34) - Professeur, profession scientifique","Écologiste et Social","EcoS"
"793780","Christine","Arrighi","Occitanie","Haute-Garonne","9","Ancien cadre","Écologiste et Social","EcoS"
"720430","Ugo","Bernalicis","Hauts-de-France","Nord","2","Fonctionnaire de catégorie A","La France insoumise - Nouveau Front Populaire","LFI-NFP"
"793298","Lionel","Tivoli","Provence-Alpes-Côte d'Azur","Alpes-Maritimes","2","Chef d'entreprise de 10 salariés ou plus","Rassemblement National","RN"
"720386","Fabien","Di Filippo","Grand Est","Moselle","4","Ancien cadre du secteur privé","Droite Républicaine","DR"
"793832","Yoann","Gillet","Occitanie","Gard","1","Cadre de la fonction publique","Rassemblement National","RN"
"346782","Philippe","Juvin","Ile-de-France","Hauts-de-Seine","3","Professeur de médecine","Droite Républicaine","DR"
"795374","Pascal","Lecamp","Nouvelle-Aquitaine","Vienne","3","Cadre administratif et commercial d'entreprise","Les Démocrates","Dem"
"794058","Justine","Gruet","Bourgogne-Franche-Comté","Jura","3","Masseur Kinésithérapeute","Droite Républicaine","DR"
"795108","Élise","Leboucher","Pays de la Loire","Sarthe","4","Educatrice spécialisée","La France insoumise - Nouveau Front Populaire","LFI-NFP"
"793548","Caroline","Colombier","Nouvelle-Aquitaine","Charente","3","Ancienne avocate / Ancien cadre","Rassemblement National","RN"
"267561","Brigitte","Barèges","Occitanie","Tarn-et-Garonne","1","Avocat","UDR","UDR"
"720822","Bruno","Bilde","Hauts-de-France","Pas-de-Calais","12","Juriste","Rassemblement National","RN"
"841931","Laurent","Mazaury","Ile-de-France","Yvelines","11","(37) - Cadre administratif et commercial d'entreprise","Libertés, Indépendants, Outre-mer et Territoires","LIOT"
"719798","Daniel","Labaronne","Centre-Val de Loire","Indre-et-Loire","2","Retraité de l'enseignement supérieur","Ensemble pour la République","EPR"
"841853","Céline","Hervieu","Ile-de-France","Paris","11","(31) - Profession libérale","Socialistes et apparentés","SOC"
"757225","Mikaele","Seo","Wallis-et-Futuna","Wallis-et-Futuna","1","Profession intermédiaire administrative de la fonction publique","Ensemble pour la République","EPR"
"841813","Florence","Herouin-Léautey","Normandie","Seine-Maritime","1","(33) - Cadre de la fonction publique","Socialistes et apparentés","SOC"
"841023","Pierre-Yves","Cadalen","Bretagne","Finistère","2","(34) - Professeur, profession scientifique","La France insoumise - Nouveau Front Populaire","LFI-NFP"
"795644","Nathalie","Da Conceicao Carvalho","Ile-de-France","Essonne","2","Profession libérale","Rassemblement National","RN"
"841749","Tiffany","Joncour","Auvergne-Rhône-Alpes","Rhône","13","(37) - Cadre administratif et commercial d'entreprise","Rassemblement National","RN"
"642725","Eric","Liégeon","Bourgogne-Franche-Comté","Doubs","5","Exploitant agricole","Droite Républicaine","DR"
"794954","Emeric","Salmon","Bourgogne-Franche-Comté","Haute-Saône","2","Cadre administratif et commercial d'entreprise","Rassemblement National","RN"
"794518","Pierre","Marle","Hauts-de-France","Nord","14","Directeur d'école primaire (retraité)","Horizons & Indépendants","HOR"
"841199","Thierry","Perez","Auvergne-Rhône-Alpes","Isère","10","(33) - Cadre de la fonction publique","Rassemblement National","RN"
"841701","Léa","Balage El Mariky","Ile-de-France","Paris","3","(37) - Cadre administratif et commercial d'entreprise","Écologiste et Social","EcoS"
"793592","Géraldine","Grangier","Bourgogne-Franche-Comté","Doubs","4","Profession intermédiaire administrative de la fonction publique","Rassemblement National","RN"
"721158","Pieyre-Alexandre","Anglade","Français établis hors de France","Français établis hors de France","4","Agent contractuel au Parlement européen","Ensemble pour la République","EPR"
"795516","Maxime","Laisney","Ile-de-France","Seine-et-Marne","10","Professeur des écoles, instituteur et assimilé","La France insoumise - Nouveau Front Populaire","LFI-NFP"
"719472","Jean-René","Cazeneuve","Occitanie","Gers","1","Ingénieur","Ensemble pour la République","EPR"
"793330","Bryan","Masson","Provence-Alpes-Côte d'Azur","Alpes-Maritimes","6","Profession intermédiaire administrative de la fonction publique","Rassemblement National","RN"
"793852","Pierre","Meurin","Occitanie","Gard","4","Cadre administratif et commercial d'entreprise","Rassemblement National","RN"
"793246","Frédéric","Falcon","Occitanie","Aude","2","Commerçant et assimilé","Rassemblement National","RN"
"795982","Aurélien","Saintoul","Ile-de-France","Hauts-de-Seine","11","Cadre de la fonction publique","La France insoumise - Nouveau Front Populaire","LFI-NFP"
"840997","Benoît","Biteau","Nouvelle-Aquitaine","Charente-Maritime","2","(12) - Agriculteur sur moyenne exploitation","Écologiste et Social","EcoS"
"609332","Olivier","Faure","Ile-de-France","Seine-et-Marne","11","Cadre supérieur (secteur privé)","Socialistes et apparentés","SOC"
"793508","Hubert","Brigand","Bourgogne-Franche-Comté","Côte-d'Or","4","Ancienne profession intermédiaire","Droite Républicaine","DR"
"794502","Michaël","Taverne","Hauts-de-France","Nord","12","Policier et militaire","Rassemblement National","RN"
"795730","Bastien","Marchive","Nouvelle-Aquitaine","Deux-Sèvres","1","Juriste","Ensemble pour la République","EPR"
"794770","Michèle","Martinez","Occitanie","Pyrénées-Orientales","4","Clerc d'huissier","Rassemblement National","RN"
"605745","Nicolas","Sansu","Centre-Val de Loire","Cher","2","Permanent politique","Gauche Démocrate et Républicaine","GDR"
"793904","Aurélien","Lopez-Liguori","Occitanie","Hérault","7","Attaché parlementaire","Rassemblement National","RN"
"840793","Marc","Pena","Provence-Alpes-Côte d'Azur","Bouches-du-Rhône","11","(34) - Professeur, profession scientifique","Socialistes et apparentés","SOC"
